id;parent_id;nom_structure;id_typestructure;id_user_created;id_user_updated;id_user_deleted;is_delete;created_at;updated_at;level_structure;code_structure
439;1;PLATEAU CENTRAL;;0;0;0;f;;;2;
440;2;OUBRITENGA;;0;0;0;f;;;3;
489;475;CM DAPELOGO;;0;0;0;f;2023-10-14 16:51:11;2023-10-14 16:51:11;6;
441;3;DS ZINIARE;;0;0;0;f;;;4;
4;3;DS TÉNADO;;0;0;0;f;2023-08-07 16:20:38;;4;pm7av08saei
490;475;CSPS GADEMTENGA;;0;0;0;f;2023-10-14 16:51:11;2023-10-14 16:51:11;6;
491;475;CSPS MANESSA;;0;0;0;f;2023-10-14 16:51:11;2023-10-14 16:51:11;6;
2;1;CENTRE OUEST;;0;0;0;f;2023-08-07 16:20:38;;2;TMFuUYJyGPX
492;475;CSPS PAGATENGA;;0;0;0;f;2023-10-14 16:51:11;2023-10-14 16:51:11;6;
3;2;SANGUIÉ;;0;0;0;f;2023-08-07 16:20:38;;3;YUQYZqd4uJ2
442;4;KYON;;0;0;0;f;2023-10-14 16:34:43;2023-10-14 16:34:43;5;
443;4;POUNI;;0;0;0;f;2023-10-14 16:34:43;2023-10-14 16:34:43;5;
444;4;TENADO;;0;0;0;f;2023-10-14 16:34:43;2023-10-14 16:34:43;5;
445;4;ZAMO;;0;0;0;f;2023-10-14 16:34:43;2023-10-14 16:34:43;5;
446;4;ZAWARA;;0;0;0;f;2023-10-14 16:34:43;2023-10-14 16:34:43;5;
447;442;CSPS KYON;;0;0;0;f;2023-10-14 16:40:00;2023-10-14 16:40:00;6;
448;442;CSPS NAGARPOULOU;;0;0;0;f;2023-10-14 16:40:00;2023-10-14 16:40:00;6;
451;443;CSPS BAGANAPOUN;;0;0;0;f;2023-10-14 16:40:00;2023-10-14 16:40:00;6;
452;443;CSPS BANDEO NAPONE;;0;0;0;f;2023-10-14 16:40:00;2023-10-14 16:40:00;6;
453;443;CSPS EDIE;;0;0;0;f;2023-10-14 16:40:00;2023-10-14 16:40:00;6;
454;443;CSPS ELINGA;;0;0;0;f;2023-10-14 16:40:00;2023-10-14 16:40:00;6;
455;443;CSPS LILBOURE;;0;0;0;f;2023-10-14 16:40:00;2023-10-14 16:40:00;6;
456;443;CSPS TITA;;0;0;0;f;2023-10-14 16:40:00;2023-10-14 16:40:00;6;
457;443;CSPS TYIELLE;;0;0;0;f;2023-10-14 16:40:00;2023-10-14 16:40:00;6;
459;444;CSPS BATONDO;;0;0;0;f;2023-10-14 16:40:00;2023-10-14 16:40:00;6;
460;444;CSPS BAVILA;;0;0;0;f;2023-10-14 16:40:00;2023-10-14 16:40:00;6;
461;444;CSPS DOUDOU;;0;0;0;f;2023-10-14 16:40:00;2023-10-14 16:40:00;6;
462;444;CSPS KOUOULDI;;0;0;0;f;2023-10-14 16:40:00;2023-10-14 16:40:00;6;
463;444;CSPS POUN;;0;0;0;f;2023-10-14 16:40:00;2023-10-14 16:40:00;6;
464;444;CSPS TIALGO;;0;0;0;f;2023-10-14 16:40:00;2023-10-14 16:40:00;6;
465;444;CSPS TIOGO;;0;0;0;f;2023-10-14 16:40:00;2023-10-14 16:40:00;6;
466;445;CSPS GUIGUI;;0;0;0;f;2023-10-14 16:40:00;2023-10-14 16:40:00;6;
1;;BURKINA FASO;;0;0;0;f;2023-08-07 16:20:38;;1;zmSNCYjqQGj
467;445;CSPS KOALIO;;0;0;0;f;2023-10-14 16:40:00;2023-10-14 16:40:00;6;
468;445;CSPS LIA;;0;0;0;f;2023-10-14 16:40:00;2023-10-14 16:40:00;6;
470;446;CSPS BAPORO;;0;0;0;f;2023-10-14 16:40:00;2023-10-14 16:40:00;6;
471;446;CSPS LABA;;0;0;0;f;2023-10-14 16:40:00;2023-10-14 16:40:00;6;
472;446;CSPS TIODIE;;0;0;0;f;2023-10-14 16:40:00;2023-10-14 16:40:00;6;
474;441;ABSOUYA;;0;0;0;f;2023-10-14 16:46:52;2023-10-14 16:46:52;5;
475;441;DAPELOGO;;0;0;0;f;2023-10-14 16:46:52;2023-10-14 16:46:52;5;
476;441;LOUMBILA;;0;0;0;f;2023-10-14 16:46:52;2023-10-14 16:46:52;5;
477;441;NAGREONGO;;0;0;0;f;2023-10-14 16:46:52;2023-10-14 16:46:52;5;
478;441;OURGOU MANEGA;;0;0;0;f;2023-10-14 16:46:52;2023-10-14 16:46:52;5;
479;441;ZINIARE;;0;0;0;f;2023-10-14 16:46:52;2023-10-14 16:46:52;5;
480;441;ZITENGA;;0;0;0;f;2023-10-14 16:46:52;2023-10-14 16:46:52;5;
481;474;CSPS ABSOUYA;;0;0;0;f;2023-10-14 16:51:11;2023-10-14 16:51:11;6;
482;474;CSPS BILGOTENGA;;0;0;0;f;2023-10-14 16:51:11;2023-10-14 16:51:11;6;
483;474;CSPS GOUNGHIN;;0;0;0;f;2023-10-14 16:51:11;2023-10-14 16:51:11;6;
484;474;CSPS MOCKIN;;0;0;0;f;2023-10-14 16:51:11;2023-10-14 16:51:11;6;
485;474;CSPS NINIOGO;;0;0;0;f;2023-10-14 16:51:11;2023-10-14 16:51:11;6;
486;474;CSPS SATTIN;;0;0;0;f;2023-10-14 16:51:11;2023-10-14 16:51:11;6;
487;474;CSPS TAMPAONGO;;0;0;0;f;2023-10-14 16:51:11;2023-10-14 16:51:11;6;
488;474;DISPENSAIRE BARGO;;0;0;0;f;2023-10-14 16:51:11;2023-10-14 16:51:11;6;
493;475;CSPS SOGLOZI;;0;0;0;f;2023-10-14 16:51:11;2023-10-14 16:51:11;6;
494;475;CSPS TAMPORIN;;0;0;0;f;2023-10-14 16:51:11;2023-10-14 16:51:11;6;
495;475;CSPS TANGHIN NIANDEGHIN;;0;0;0;f;2023-10-14 16:51:11;2023-10-14 16:51:11;6;
496;475;CSPS VOAGA;;0;0;0;f;2023-10-14 16:51:11;2023-10-14 16:51:11;6;
497;476;CSPS BANGRIN;;0;0;0;f;2023-10-14 16:51:11;2023-10-14 16:51:11;6;
498;476;CSPS BENDOGO;;0;0;0;f;2023-10-14 16:51:11;2023-10-14 16:51:11;6;
499;476;CSPS DONSIN;;0;0;0;f;2023-10-14 16:51:11;2023-10-14 16:51:11;6;
500;476;CSPS GOUNDRY;;0;0;0;f;2023-10-14 16:51:11;2023-10-14 16:51:11;6;
450;443;CM POUNI;;0;0;0;f;2023-10-14 16:40:00;2023-10-14 16:40:00;6;
458;444;CM TENADO;;0;0;0;f;2023-10-14 16:40:00;2023-10-14 16:40:00;6;
469;445;CSPS ZAMO;;0;0;0;f;2023-10-14 16:40:00;2023-10-14 16:40:00;6;
473;446;CSPS ZAWARA;;0;0;0;f;2023-10-14 16:40:00;2023-10-14 16:40:00;6;
501;476;CSPS KOURITYAOGHIN;;0;0;0;f;2023-10-14 16:51:11;2023-10-14 16:51:11;6;
502;476;CSPS LOUMBILA;;0;0;0;f;2023-10-14 16:51:11;2023-10-14 16:51:11;6;
503;476;CSPS NOMGANA;;0;0;0;f;2023-10-14 16:51:11;2023-10-14 16:51:11;6;
504;476;CSPS TABTENGA;;0;0;0;f;2023-10-14 16:51:11;2023-10-14 16:51:11;6;
505;477;CSPS BADNOGO;;0;0;0;f;2023-10-14 16:51:11;2023-10-14 16:51:11;6;
506;477;CSPS KOLOKOM DS ZINIARE;;0;0;0;f;2023-10-14 16:51:11;2023-10-14 16:51:11;6;
507;477;CSPS MALGRETENGA;;0;0;0;f;2023-10-14 16:51:11;2023-10-14 16:51:11;6;
508;477;CSPS NAGREONGO;;0;0;0;f;2023-10-14 16:51:11;2023-10-14 16:51:11;6;
509;477;CSPS NAGREONKODOGO;;0;0;0;f;2023-10-14 16:51:11;2023-10-14 16:51:11;6;
510;477;CSPS NAPAMBOUMBOU;;0;0;0;f;2023-10-14 16:51:11;2023-10-14 16:51:11;6;
511;477;DISPENSAIRE TOGHIN;;0;0;0;f;2023-10-14 16:51:11;2023-10-14 16:51:11;6;
512;477;DISPENSAIRE YOUTENGA;;0;0;0;f;2023-10-14 16:51:11;2023-10-14 16:51:11;6;
513;478;CSPS MANEGA;;0;0;0;f;2023-10-14 16:51:11;2023-10-14 16:51:11;6;
514;478;CSPS OURGOU MOSSI;;0;0;0;f;2023-10-14 16:51:11;2023-10-14 16:51:11;6;
515;478;CSPS SANBSIN;;0;0;0;f;2023-10-14 16:51:11;2023-10-14 16:51:11;6;
516;478;CSPS SOMASSI DS ZINIARE;;0;0;0;f;2023-10-14 16:51:11;2023-10-14 16:51:11;6;
517;478;DISPENSAIRE DE LINDI NAMASSA;;0;0;0;f;2023-10-14 16:51:11;2023-10-14 16:51:11;6;
518;478;DISPENSAIRE DE SAMISSI;;0;0;0;f;2023-10-14 16:51:11;2023-10-14 16:51:11;6;
519;478;DISPENSAIRE SIDOGO;;0;0;0;f;2023-10-14 16:51:11;2023-10-14 16:51:11;6;
520;479;(old) CSPS TAONSGO;;0;0;0;f;2023-10-14 16:51:11;2023-10-14 16:51:11;6;
521;479;CSPS BADNOGO-ZINIARE;;0;0;0;f;2023-10-14 16:51:11;2023-10-14 16:51:11;6;
522;479;CSPS BARKOUITENGA;;0;0;0;f;2023-10-14 16:51:11;2023-10-14 16:51:11;6;
523;479;CSPS BARKOUNBA;;0;0;0;f;2023-10-14 16:51:11;2023-10-14 16:51:11;6;
524;479;CSPS IPALA-ZINIARE;;0;0;0;f;2023-10-14 16:51:11;2023-10-14 16:51:11;6;
525;479;CSPS KOASSANGA;;0;0;0;f;2023-10-14 16:51:11;2023-10-14 16:51:11;6;
526;479;CSPS KUILKINKA;;0;0;0;f;2023-10-14 16:51:11;2023-10-14 16:51:11;6;
527;479;CSPS LAONGO;;0;0;0;f;2023-10-14 16:51:11;2023-10-14 16:51:11;6;
528;479;CSPS MATTE;;0;0;0;f;2023-10-14 16:51:11;2023-10-14 16:51:11;6;
529;479;CSPS MOUTI;;0;0;0;f;2023-10-14 16:51:11;2023-10-14 16:51:11;6;
530;479;CSPS NAMASSA DS ZINIARE;;0;0;0;f;2023-10-14 16:51:11;2023-10-14 16:51:11;6;
531;479;CSPS OUBRIYAOGHIN;;0;0;0;f;2023-10-14 16:51:11;2023-10-14 16:51:11;6;
532;479;CSPS RASSIMPOUIGHIN;;0;0;0;f;2023-10-14 16:51:11;2023-10-14 16:51:11;6;
533;479;CSPS SAWANA;;0;0;0;f;2023-10-14 16:51:11;2023-10-14 16:51:11;6;
534;479;CSPS TAMPOUITENGA;;0;0;0;f;2023-10-14 16:51:11;2023-10-14 16:51:11;6;
535;479;CSPS TANGHIN GOMBO;;0;0;0;f;2023-10-14 16:51:11;2023-10-14 16:51:11;6;
536;479;CSPS TAONSGO;;0;0;0;f;2023-10-14 16:51:11;2023-10-14 16:51:11;6;
537;479;CSPS TIBIN;;0;0;0;f;2023-10-14 16:51:11;2023-10-14 16:51:11;6;
538;479;CSPS URBAIN;;0;0;0;f;2023-10-14 16:51:11;2023-10-14 16:51:11;6;
539;479;CSPS ZIGA OUBRITENGA;;0;0;0;f;2023-10-14 16:51:11;2023-10-14 16:51:11;6;
540;479;DISPENSAIRE BETTA;;0;0;0;f;2023-10-14 16:51:11;2023-10-14 16:51:11;6;
541;479;DISPENSAIRE BOULBA;;0;0;0;f;2023-10-14 16:51:11;2023-10-14 16:51:11;6;
542;480;CSPS ANDEM;;0;0;0;f;2023-10-14 16:51:11;2023-10-14 16:51:11;6;
543;480;CSPS BISSIGA OUBRITENGA;;0;0;0;f;2023-10-14 16:51:11;2023-10-14 16:51:11;6;
544;480;CSPS NIONIOKODOGO;;0;0;0;f;2023-10-14 16:51:11;2023-10-14 16:51:11;6;
545;480;CSPS PENDEMTENGA;;0;0;0;f;2023-10-14 16:51:11;2023-10-14 16:51:11;6;
546;480;CSPS SADABA;;0;0;0;f;2023-10-14 16:51:11;2023-10-14 16:51:11;6;
547;480;CSPS YAMANA;;0;0;0;f;2023-10-14 16:51:11;2023-10-14 16:51:11;6;
548;480;CSPS ZITENGA;;0;0;0;f;2023-10-14 16:51:11;2023-10-14 16:51:11;6;
549;480;MATERNITE DAYACKTENGA;;0;0;0;f;2023-10-14 16:51:11;2023-10-14 16:51:11;6;
550;447;ESSAPOUN;;0;0;0;f;2023-10-14 16:54:38;2023-10-14 16:54:38;7;
551;447;KYON;;0;0;0;f;2023-10-14 16:54:38;2023-10-14 16:54:38;7;
552;447;PO;;0;0;0;f;2023-10-14 16:54:38;2023-10-14 16:54:38;7;
553;448;NAGARPOULOUY;;0;0;0;f;2023-10-14 16:54:38;2023-10-14 16:54:38;7;
449;442;CSPS POA TENADO;;0;0;0;f;2023-10-14 16:40:00;2023-10-14 16:40:00;6;
554;449;ZILIVELE;;0;0;0;f;2023-10-14 17:00:45;2023-10-14 17:00:45;7;
555;450;PONI_CENTRE;;0;0;0;f;2023-10-14 17:00:45;2023-10-14 17:00:45;7;
556;450;POUSMA;;0;0;0;f;2023-10-14 17:00:45;2023-10-14 17:00:45;7;
557;450;VALIOU;;0;0;0;f;2023-10-14 17:00:45;2023-10-14 17:00:45;7;
558;451;BAGANAPOUN;;0;0;0;f;2023-10-14 17:00:45;2023-10-14 17:00:45;7;
559;451;GADO;;0;0;0;f;2023-10-14 17:00:45;2023-10-14 17:00:45;7;
560;451;TIEKOUYOU;;0;0;0;f;2023-10-14 17:00:45;2023-10-14 17:00:45;7;
561;452;BANDEO;;0;0;0;f;2023-10-14 17:00:45;2023-10-14 17:00:45;7;
562;452;LATI;;0;0;0;f;2023-10-14 17:00:45;2023-10-14 17:00:45;7;
563;452;NAPONE;;0;0;0;f;2023-10-14 17:00:45;2023-10-14 17:00:45;7;
564;453;EDIE;;0;0;0;f;2023-10-14 17:00:45;2023-10-14 17:00:45;7;
565;453;NABOUA;;0;0;0;f;2023-10-14 17:00:45;2023-10-14 17:00:45;7;
566;453;TAMBOASSA;;0;0;0;f;2023-10-14 17:00:45;2023-10-14 17:00:45;7;
567;454;ELINGA;;0;0;0;f;2023-10-14 17:00:46;2023-10-14 17:00:46;7;
568;454;KARBOLE;;0;0;0;f;2023-10-14 17:00:46;2023-10-14 17:00:46;7;
569;455;LILBOURE;;0;0;0;f;2023-10-14 17:00:46;2023-10-14 17:00:46;7;
570;455;VILLY;;0;0;0;f;2023-10-14 17:00:46;2023-10-14 17:00:46;7;
571;456;TITA;;0;0;0;f;2023-10-14 17:00:46;2023-10-14 17:00:46;7;
572;456;TITA_NAPONE;;0;0;0;f;2023-10-14 17:00:46;2023-10-14 17:00:46;7;
573;456;VILLY_BONGO;;0;0;0;f;2023-10-14 17:00:46;2023-10-14 17:00:46;7;
574;457;NADOULOU;;0;0;0;f;2023-10-14 17:00:46;2023-10-14 17:00:46;7;
575;457;NATOU;;0;0;0;f;2023-10-14 17:00:46;2023-10-14 17:00:46;7;
576;457;TIYELLE;;0;0;0;f;2023-10-14 17:00:46;2023-10-14 17:00:46;7;
577;458;BALELEDO;;0;0;0;f;2023-10-14 17:00:46;2023-10-14 17:00:46;7;
578;458;TENADO;;0;0;0;f;2023-10-14 17:00:46;2023-10-14 17:00:46;7;
579;458;TIO;;0;0;0;f;2023-10-14 17:00:46;2023-10-14 17:00:46;7;
580;459;BAGUIOMO;;0;0;0;f;2023-10-14 17:00:46;2023-10-14 17:00:46;7;
581;459;BATONDO;;0;0;0;f;2023-10-14 17:00:46;2023-10-14 17:00:46;7;
582;459;KABORO;;0;0;0;f;2023-10-14 17:00:46;2023-10-14 17:00:46;7;
583;459;KOUALIO;;0;0;0;f;2023-10-14 17:00:46;2023-10-14 17:00:46;7;
584;459;ZINDIN;;0;0;0;f;2023-10-14 17:00:46;2023-10-14 17:00:46;7;
585;460;BAVILA;;0;0;0;f;2023-10-14 17:00:46;2023-10-14 17:00:46;7;
586;461;DOUDOU;;0;0;0;f;2023-10-14 17:00:46;2023-10-14 17:00:46;7;
587;461;SASSIA;;0;0;0;f;2023-10-14 17:00:46;2023-10-14 17:00:46;7;
588;461;TIEBO;;0;0;0;f;2023-10-14 17:00:46;2023-10-14 17:00:46;7;
589;462;KOUKOULDI;;0;0;0;f;2023-10-14 17:00:46;2023-10-14 17:00:46;7;
590;463;POUN;;0;0;0;f;2023-10-14 17:00:46;2023-10-14 17:00:46;7;
591;464;TIALGO;;0;0;0;f;2023-10-14 17:00:46;2023-10-14 17:00:46;7;
592;465;TIOGO;;0;0;0;f;2023-10-14 17:00:46;2023-10-14 17:00:46;7;
593;465;TIOGO_MOUHOUM;;0;0;0;f;2023-10-14 17:00:46;2023-10-14 17:00:46;7;
594;466;BOW;;0;0;0;f;2023-10-14 17:00:46;2023-10-14 17:00:46;7;
595;466;GUIGUI;;0;0;0;f;2023-10-14 17:00:46;2023-10-14 17:00:46;7;
596;467;KOALIO;;0;0;0;f;2023-10-14 17:00:46;2023-10-14 17:00:46;7;
597;468;BOUNGA;;0;0;0;f;2023-10-14 17:00:46;2023-10-14 17:00:46;7;
598;468;LIA;;0;0;0;f;2023-10-14 17:00:46;2023-10-14 17:00:46;7;
599;468;SIYORO;;0;0;0;f;2023-10-14 17:00:46;2023-10-14 17:00:46;7;
600;469;BEKAPORE;;0;0;0;f;2023-10-14 17:00:46;2023-10-14 17:00:46;7;
601;469;SADOUAN;;0;0;0;f;2023-10-14 17:00:46;2023-10-14 17:00:46;7;
602;469;ZAMO;;0;0;0;f;2023-10-14 17:00:46;2023-10-14 17:00:46;7;
603;469;ZINE;;0;0;0;f;2023-10-14 17:00:46;2023-10-14 17:00:46;7;
604;470;BAPORO;;0;0;0;f;2023-10-14 17:00:46;2023-10-14 17:00:46;7;
605;471;CARREFOUR;;0;0;0;f;2023-10-14 17:00:46;2023-10-14 17:00:46;7;
606;471;GABOU;;0;0;0;f;2023-10-14 17:00:46;2023-10-14 17:00:46;7;
607;471;IVIDIE;;0;0;0;f;2023-10-14 17:00:46;2023-10-14 17:00:46;7;
608;471;LABA;;0;0;0;f;2023-10-14 17:00:46;2023-10-14 17:00:46;7;
609;471;LOROU;;0;0;0;f;2023-10-14 17:00:46;2023-10-14 17:00:46;7;
610;471;NEMELAYE;;0;0;0;f;2023-10-14 17:00:46;2023-10-14 17:00:46;7;
611;471;NOMBAMBA;;0;0;0;f;2023-10-14 17:00:46;2023-10-14 17:00:46;7;
612;472;IREDIE;;0;0;0;f;2023-10-14 17:00:46;2023-10-14 17:00:46;7;
613;472;TIODIE;;0;0;0;f;2023-10-14 17:00:46;2023-10-14 17:00:46;7;
614;473;BENEGA;;0;0;0;f;2023-10-14 17:00:46;2023-10-14 17:00:46;7;
615;473;BOUROU;;0;0;0;f;2023-10-14 17:00:46;2023-10-14 17:00:46;7;
616;473;KATOI;;0;0;0;f;2023-10-14 17:00:46;2023-10-14 17:00:46;7;
617;473;KODARA;;0;0;0;f;2023-10-14 17:00:46;2023-10-14 17:00:46;7;
618;473;POE;;0;0;0;f;2023-10-14 17:00:46;2023-10-14 17:00:46;7;
619;473;ZAWARA;;0;0;0;f;2023-10-14 17:00:46;2023-10-14 17:00:46;7;
620;481;ABSOUYA;;0;0;0;f;2023-10-14 17:01:02;2023-10-14 17:01:02;7;
621;481;BATENGA;;0;0;0;f;2023-10-14 17:01:02;2023-10-14 17:01:02;7;
622;481;LARGO;;0;0;0;f;2023-10-14 17:01:02;2023-10-14 17:01:02;7;
623;482;BILGOTENGA;;0;0;0;f;2023-10-14 17:01:02;2023-10-14 17:01:02;7;
624;482;NAYAMPONSGO;;0;0;0;f;2023-10-14 17:01:02;2023-10-14 17:01:02;7;
625;482;SIGUINVOUSSE;;0;0;0;f;2023-10-14 17:01:02;2023-10-14 17:01:02;7;
626;482;SONGDIN;;0;0;0;f;2023-10-14 17:01:02;2023-10-14 17:01:02;7;
627;483;BENDOGO;;0;0;0;f;2023-10-14 17:01:02;2023-10-14 17:01:02;7;
628;483;GOUNGHIN;;0;0;0;f;2023-10-14 17:01:02;2023-10-14 17:01:02;7;
629;483;NABDOGHIN;;0;0;0;f;2023-10-14 17:01:02;2023-10-14 17:01:02;7;
630;484;MOCKIN;;0;0;0;f;2023-10-14 17:01:02;2023-10-14 17:01:02;7;
631;485;MOANEGA;;0;0;0;f;2023-10-14 17:01:02;2023-10-14 17:01:02;7;
632;485;NIONIOGO-ABSOUYA;;0;0;0;f;2023-10-14 17:01:02;2023-10-14 17:01:02;7;
633;486;SATTIN;;0;0;0;f;2023-10-14 17:01:02;2023-10-14 17:01:02;7;
634;487;DANAOGO;;0;0;0;f;2023-10-14 17:01:02;2023-10-14 17:01:02;7;
635;487;SINY;;0;0;0;f;2023-10-14 17:01:02;2023-10-14 17:01:02;7;
636;487;TAMBIZINSE;;0;0;0;f;2023-10-14 17:01:02;2023-10-14 17:01:02;7;
637;487;TAMPAONGO;;0;0;0;f;2023-10-14 17:01:02;2023-10-14 17:01:02;7;
638;488;BARGO;;0;0;0;f;2023-10-14 17:01:02;2023-10-14 17:01:02;7;
639;489;DAPELOGO;;0;0;0;f;2023-10-14 17:01:02;2023-10-14 17:01:02;7;
640;489;KINSI;;0;0;0;f;2023-10-14 17:01:02;2023-10-14 17:01:02;7;
641;489;KOROM;;0;0;0;f;2023-10-14 17:01:02;2023-10-14 17:01:02;7;
642;489;KOUHOUDOUGOU;;0;0;0;f;2023-10-14 17:01:02;2023-10-14 17:01:02;7;
643;489;NAYAMBSE;;0;0;0;f;2023-10-14 17:01:02;2023-10-14 17:01:02;7;
644;489;PIGHIN;;0;0;0;f;2023-10-14 17:01:02;2023-10-14 17:01:02;7;
645;489;TANLILI;;0;0;0;f;2023-10-14 17:01:02;2023-10-14 17:01:02;7;
646;489;ZAKOURE;;0;0;0;f;2023-10-14 17:01:02;2023-10-14 17:01:02;7;
647;490;GADEMTENGA;;0;0;0;f;2023-10-14 17:01:02;2023-10-14 17:01:02;7;
648;490;GUIE;;0;0;0;f;2023-10-14 17:01:02;2023-10-14 17:01:02;7;
649;490;KOUILA-DAPELOGO;;0;0;0;f;2023-10-14 17:01:02;2023-10-14 17:01:02;7;
650;490;SOUKA-DAPELOGO;;0;0;0;f;2023-10-14 17:01:02;2023-10-14 17:01:02;7;
651;491;MANESSA;;0;0;0;f;2023-10-14 17:01:02;2023-10-14 17:01:02;7;
652;485;NIANDEGHIN;;0;0;0;f;2023-10-14 17:01:02;2023-10-14 17:01:02;7;
653;485;NIONIOGO;;0;0;0;f;2023-10-14 17:01:02;2023-10-14 17:01:02;7;
654;492;PAGATENGA;;0;0;0;f;2023-10-14 17:01:02;2023-10-14 17:01:02;7;
655;492;POEDEGO;;0;0;0;f;2023-10-14 17:01:02;2023-10-14 17:01:02;7;
656;492;TIGUIMKOAMBA;;0;0;0;f;2023-10-14 17:01:02;2023-10-14 17:01:02;7;
657;493;CISSE YARGO;;0;0;0;f;2023-10-14 17:01:02;2023-10-14 17:01:02;7;
658;493;SOGLEZI;;0;0;0;f;2023-10-14 17:01:02;2023-10-14 17:01:02;7;
659;494;GARPENE;;0;0;0;f;2023-10-14 17:01:02;2023-10-14 17:01:02;7;
660;494;NABIG-YIRI;;0;0;0;f;2023-10-14 17:01:02;2023-10-14 17:01:02;7;
661;494;OUAMZANG YIRI;;0;0;0;f;2023-10-14 17:01:02;2023-10-14 17:01:02;7;
662;494;TAMPORIN;;0;0;0;f;2023-10-14 17:01:02;2023-10-14 17:01:02;7;
663;494;YOUM YIRI;;0;0;0;f;2023-10-14 17:01:02;2023-10-14 17:01:02;7;
664;495;NAPALGUE;;0;0;0;f;2023-10-14 17:01:02;2023-10-14 17:01:02;7;
665;495;TANGHIN-DAPELOGO;;0;0;0;f;2023-10-14 17:01:02;2023-10-14 17:01:02;7;
666;496;SOMNAWAYE;;0;0;0;f;2023-10-14 17:01:02;2023-10-14 17:01:02;7;
667;496;TANGUIGA;;0;0;0;f;2023-10-14 17:01:02;2023-10-14 17:01:02;7;
668;496;VOAGA;;0;0;0;f;2023-10-14 17:01:02;2023-10-14 17:01:02;7;
669;497;BANGRIN;;0;0;0;f;2023-10-14 17:01:02;2023-10-14 17:01:02;7;
670;497;RAMITENGA;;0;0;0;f;2023-10-14 17:01:02;2023-10-14 17:01:02;7;
671;497;WAWOUSSE;;0;0;0;f;2023-10-14 17:01:02;2023-10-14 17:01:02;7;
672;498;BENDOGO-LOUMBILA;;0;0;0;f;2023-10-14 17:01:02;2023-10-14 17:01:02;7;
673;498;DAGUILMA;;0;0;0;f;2023-10-14 17:01:02;2023-10-14 17:01:02;7;
674;498;GANDIN;;0;0;0;f;2023-10-14 17:01:02;2023-10-14 17:01:02;7;
675;498;OUEMTENGA;;0;0;0;f;2023-10-14 17:01:02;2023-10-14 17:01:02;7;
676;498;PENDISSI;;0;0;0;f;2023-10-14 17:01:02;2023-10-14 17:01:02;7;
677;498;POEDEGO I;;0;0;0;f;2023-10-14 17:01:02;2023-10-14 17:01:02;7;
678;498;TANGZOUGOU;;0;0;0;f;2023-10-14 17:01:02;2023-10-14 17:01:02;7;
679;499;DOGOMNOGO;;0;0;0;f;2023-10-14 17:01:02;2023-10-14 17:01:02;7;
680;499;DONSIN;;0;0;0;f;2023-10-14 17:01:02;2023-10-14 17:01:02;7;
681;499;GOUE;;0;0;0;f;2023-10-14 17:01:02;2023-10-14 17:01:02;7;
682;499;KOGNINGA;;0;0;0;f;2023-10-14 17:01:02;2023-10-14 17:01:02;7;
683;499;NONGUESTENGA;;0;0;0;f;2023-10-14 17:01:02;2023-10-14 17:01:02;7;
684;500;GOUNDRY;;0;0;0;f;2023-10-14 17:01:02;2023-10-14 17:01:02;7;
685;500;NANGTENGA;;0;0;0;f;2023-10-14 17:01:02;2023-10-14 17:01:02;7;
686;500;TANLARGO;;0;0;0;f;2023-10-14 17:01:02;2023-10-14 17:01:02;7;
687;501;KOURITYAOGHIN;;0;0;0;f;2023-10-14 17:01:02;2023-10-14 17:01:02;7;
688;501;POEDEGO II;;0;0;0;f;2023-10-14 17:01:02;2023-10-14 17:01:02;7;
689;502;KOULSINGA;;0;0;0;f;2023-10-14 17:01:02;2023-10-14 17:01:02;7;
690;502;LOUMBILA;;0;0;0;f;2023-10-14 17:01:02;2023-10-14 17:01:02;7;
691;502;NOUNGOU;;0;0;0;f;2023-10-14 17:01:02;2023-10-14 17:01:02;7;
692;502;PENDOGO;;0;0;0;f;2023-10-14 17:01:02;2023-10-14 17:01:02;7;
693;502;ZONGO;;0;0;0;f;2023-10-14 17:01:02;2023-10-14 17:01:02;7;
694;503;NABDOGO;;0;0;0;f;2023-10-14 17:01:02;2023-10-14 17:01:02;7;
695;503;NOMGANA;;0;0;0;f;2023-10-14 17:01:02;2023-10-14 17:01:02;7;
696;503;POUSGHIN;;0;0;0;f;2023-10-14 17:01:02;2023-10-14 17:01:02;7;
697;504;IPALA-LOUMBILA;;0;0;0;f;2023-10-14 17:01:02;2023-10-14 17:01:02;7;
698;504;SILMIOUGOU (LOUMBILA);;0;0;0;f;2023-10-14 17:01:02;2023-10-14 17:01:02;7;
699;504;TABTENGA;;0;0;0;f;2023-10-14 17:01:02;2023-10-14 17:01:02;7;
700;505;BADNOGO-NAGREONGO;;0;0;0;f;2023-10-14 17:01:02;2023-10-14 17:01:02;7;
701;505;SIGNOGHIN;;0;0;0;f;2023-10-14 17:01:02;2023-10-14 17:01:02;7;
702;505;TAVOUSSE;;0;0;0;f;2023-10-14 17:01:03;2023-10-14 17:01:03;7;
703;505;WANVOUSSE;;0;0;0;f;2023-10-14 17:01:03;2023-10-14 17:01:03;7;
704;506;KOLOKOM-NAGREONGO;;0;0;0;f;2023-10-14 17:01:03;2023-10-14 17:01:03;7;
705;506;SAROGO;;0;0;0;f;2023-10-14 17:01:03;2023-10-14 17:01:03;7;
706;507;MALGRETENGA;;0;0;0;f;2023-10-14 17:01:03;2023-10-14 17:01:03;7;
707;507;PEGDWENDE-Nagreongo;;0;0;0;f;2023-10-14 17:01:03;2023-10-14 17:01:03;7;
708;507;WATINOMA;;0;0;0;f;2023-10-14 17:01:03;2023-10-14 17:01:03;7;
709;508;LAONG-TAORE;;0;0;0;f;2023-10-14 17:01:03;2023-10-14 17:01:03;7;
710;508;LINOGHIN;;0;0;0;f;2023-10-14 17:01:03;2023-10-14 17:01:03;7;
711;508;NAGREONGO;;0;0;0;f;2023-10-14 17:01:03;2023-10-14 17:01:03;7;
712;508;NAHARTENGA (NAGREONGO);;0;0;0;f;2023-10-14 17:01:03;2023-10-14 17:01:03;7;
713;508;SATTE;;0;0;0;f;2023-10-14 17:01:03;2023-10-14 17:01:03;7;
714;509;NAGREONKODOGO;;0;0;0;f;2023-10-14 17:01:03;2023-10-14 17:01:03;7;
715;510;NAPAMBOUMBOU;;0;0;0;f;2023-10-14 17:01:03;2023-10-14 17:01:03;7;
716;511;GONDOGO;;0;0;0;f;2023-10-14 17:01:03;2023-10-14 17:01:03;7;
717;511;TOGHIN-BABGRE;;0;0;0;f;2023-10-14 17:01:03;2023-10-14 17:01:03;7;
718;512;TAMANEGA;;0;0;0;f;2023-10-14 17:01:03;2023-10-14 17:01:03;7;
719;512;YOUTENGA;;0;0;0;f;2023-10-14 17:01:03;2023-10-14 17:01:03;7;
720;513;BISSIGHIN;;0;0;0;f;2023-10-14 17:01:03;2023-10-14 17:01:03;7;
721;513;BOULPORE;;0;0;0;f;2023-10-14 17:01:03;2023-10-14 17:01:03;7;
722;513;FAAGA;;0;0;0;f;2023-10-14 17:01:03;2023-10-14 17:01:03;7;
723;513;LOYARGO;;0;0;0;f;2023-10-14 17:01:03;2023-10-14 17:01:03;7;
724;513;MANEGA;;0;0;0;f;2023-10-14 17:01:03;2023-10-14 17:01:03;7;
725;513;NOUNKODOGO;;0;0;0;f;2023-10-14 17:01:03;2023-10-14 17:01:03;7;
726;513;TANGHIN MANEGA;;0;0;0;f;2023-10-14 17:01:03;2023-10-14 17:01:03;7;
727;513;TIGUIMTENGA;;0;0;0;f;2023-10-14 17:01:03;2023-10-14 17:01:03;7;
728;514;OURGOU-MOSSI;;0;0;0;f;2023-10-14 17:01:03;2023-10-14 17:01:03;7;
729;514;OURGOU-YARCE;;0;0;0;f;2023-10-14 17:01:03;2023-10-14 17:01:03;7;
730;514;POEDEGO-OURGOU;;0;0;0;f;2023-10-14 17:01:03;2023-10-14 17:01:03;7;
731;514;SOMDAMESSOM;;0;0;0;f;2023-10-14 17:01:03;2023-10-14 17:01:03;7;
732;514;TAMBOGO;;0;0;0;f;2023-10-14 17:01:03;2023-10-14 17:01:03;7;
733;514;ZOUNDI;;0;0;0;f;2023-10-14 17:01:03;2023-10-14 17:01:03;7;
734;515;GUEMSAONGO;;0;0;0;f;2023-10-14 17:01:03;2023-10-14 17:01:03;7;
735;515;ROMISSI;;0;0;0;f;2023-10-14 17:01:03;2023-10-14 17:01:03;7;
736;515;SABSIN;;0;0;0;f;2023-10-14 17:01:03;2023-10-14 17:01:03;7;
737;515;SABSIN PEULH;;0;0;0;f;2023-10-14 17:01:03;2023-10-14 17:01:03;7;
738;515;TEBDOGO;;0;0;0;f;2023-10-14 17:01:03;2023-10-14 17:01:03;7;
739;515;YOBITENGA;;0;0;0;f;2023-10-14 17:01:03;2023-10-14 17:01:03;7;
740;516;BOUKTENGA;;0;0;0;f;2023-10-14 17:01:03;2023-10-14 17:01:03;7;
741;516;SOMDE;;0;0;0;f;2023-10-14 17:01:03;2023-10-14 17:01:03;7;
742;516;SOMMASSI;;0;0;0;f;2023-10-14 17:01:03;2023-10-14 17:01:03;7;
743;517;BABOU;;0;0;0;f;2023-10-14 17:01:03;2023-10-14 17:01:03;7;
744;517;LINDI;;0;0;0;f;2023-10-14 17:01:03;2023-10-14 17:01:03;7;
745;517;NAMASSA-OURGOU;;0;0;0;f;2023-10-14 17:01:03;2023-10-14 17:01:03;7;
746;518;SAMISSI;;0;0;0;f;2023-10-14 17:01:03;2023-10-14 17:01:03;7;
747;519;SIDOGO MOSSI;;0;0;0;f;2023-10-14 17:01:03;2023-10-14 17:01:03;7;
748;519;SIDOGO YARCE;;0;0;0;f;2023-10-14 17:01:03;2023-10-14 17:01:03;7;
749;519;WAZELE;;0;0;0;f;2023-10-14 17:01:03;2023-10-14 17:01:03;7;
750;520;TAONSGO-ZINIARE;;0;0;0;f;2023-10-14 17:01:03;2023-10-14 17:01:03;7;
751;521;BADNOGO-ZINIARE;;0;0;0;f;2023-10-14 17:01:03;2023-10-14 17:01:03;7;
752;522;BARKOUITENGA;;0;0;0;f;2023-10-14 17:01:03;2023-10-14 17:01:03;7;
753;522;GAM SILMIMOSSE;;0;0;0;f;2023-10-14 17:01:03;2023-10-14 17:01:03;7;
754;522;LADWENDA;;0;0;0;f;2023-10-14 17:01:03;2023-10-14 17:01:03;7;
755;522;NAPAMBOUMBOU SABIN;;0;0;0;f;2023-10-14 17:01:03;2023-10-14 17:01:03;7;
756;523;BARKOUNDBA;;0;0;0;f;2023-10-14 17:01:03;2023-10-14 17:01:03;7;
757;524;IPALA-ZINIARE;;0;0;0;f;2023-10-14 17:01:03;2023-10-14 17:01:03;7;
758;524;KOULGANDOGO PEULH;;0;0;0;f;2023-10-14 17:01:03;2023-10-14 17:01:03;7;
759;525;KOASSANGA;;0;0;0;f;2023-10-14 17:01:03;2023-10-14 17:01:03;7;
760;525;NABBINGMA;;0;0;0;f;2023-10-14 17:01:03;2023-10-14 17:01:03;7;
761;525;PILAGA;;0;0;0;f;2023-10-14 17:01:03;2023-10-14 17:01:03;7;
762;526;DOURE-ZINIARE;;0;0;0;f;2023-10-14 17:01:03;2023-10-14 17:01:03;7;
763;526;KULKINKA;;0;0;0;f;2023-10-14 17:01:03;2023-10-14 17:01:03;7;
764;526;SONGPELCE;;0;0;0;f;2023-10-14 17:01:03;2023-10-14 17:01:03;7;
765;526;TANDAGA;;0;0;0;f;2023-10-14 17:01:03;2023-10-14 17:01:03;7;
766;527;KOANDA-YARCE;;0;0;0;f;2023-10-14 17:01:03;2023-10-14 17:01:03;7;
767;527;LAONGO;;0;0;0;f;2023-10-14 17:01:03;2023-10-14 17:01:03;7;
768;527;TANGHIN-ZINIARE;;0;0;0;f;2023-10-14 17:01:03;2023-10-14 17:01:03;7;
769;528;MATTE;;0;0;0;f;2023-10-14 17:01:03;2023-10-14 17:01:03;7;
770;528;TAMISSI;;0;0;0;f;2023-10-14 17:01:03;2023-10-14 17:01:03;7;
771;529;MOUTTI;;0;0;0;f;2023-10-14 17:01:03;2023-10-14 17:01:03;7;
772;530;NAMASSA-ZINIARE;;0;0;0;f;2023-10-14 17:01:03;2023-10-14 17:01:03;7;
773;531;BOGODOGO;;0;0;0;f;2023-10-14 17:01:03;2023-10-14 17:01:03;7;
774;531;OUBRIYAOGHIN;;0;0;0;f;2023-10-14 17:01:03;2023-10-14 17:01:03;7;
775;532;RASSIMPOUIGHIN;;0;0;0;f;2023-10-14 17:01:03;2023-10-14 17:01:03;7;
776;533;BASBEDO;;0;0;0;f;2023-10-14 17:01:03;2023-10-14 17:01:03;7;
777;533;NAKAMTENGA II;;0;0;0;f;2023-10-14 17:01:03;2023-10-14 17:01:03;7;
778;533;SAWANA;;0;0;0;f;2023-10-14 17:01:03;2023-10-14 17:01:03;7;
779;534;TAMPOUI-TENGA;;0;0;0;f;2023-10-14 17:01:03;2023-10-14 17:01:03;7;
780;534;TANGONKO PEULH;;0;0;0;f;2023-10-14 17:01:03;2023-10-14 17:01:03;7;
781;535;GOMBOGO;;0;0;0;f;2023-10-14 17:01:03;2023-10-14 17:01:03;7;
782;535;GOMBOGO PEULH;;0;0;0;f;2023-10-14 17:01:03;2023-10-14 17:01:03;7;
783;535;GOULGO;;0;0;0;f;2023-10-14 17:01:03;2023-10-14 17:01:03;7;
784;535;TAMBOGO PEULH;;0;0;0;f;2023-10-14 17:01:03;2023-10-14 17:01:03;7;
785;535;TANGHIN GOMBOGO;;0;0;0;f;2023-10-14 17:01:03;2023-10-14 17:01:03;7;
786;537;BOALIN;;0;0;0;f;2023-10-14 17:01:03;2023-10-14 17:01:03;7;
787;537;KOLOGONDIESSE;;0;0;0;f;2023-10-14 17:01:03;2023-10-14 17:01:03;7;
788;537;MAYORGO;;0;0;0;f;2023-10-14 17:01:03;2023-10-14 17:01:03;7;
789;537;NABITENGA;;0;0;0;f;2023-10-14 17:01:03;2023-10-14 17:01:03;7;
790;537;NAKAMTENGA;;0;0;0;f;2023-10-14 17:01:03;2023-10-14 17:01:03;7;
791;537;TIBIN;;0;0;0;f;2023-10-14 17:01:03;2023-10-14 17:01:03;7;
792;538;KARTENGA;;0;0;0;f;2023-10-14 17:01:03;2023-10-14 17:01:03;7;
793;538;KOUILA-ZINIARE;;0;0;0;f;2023-10-14 17:01:03;2023-10-14 17:01:03;7;
794;538;OUAGATENGA;;0;0;0;f;2023-10-14 17:01:03;2023-10-14 17:01:03;7;
795;538;SOULGO;;0;0;0;f;2023-10-14 17:01:03;2023-10-14 17:01:03;7;
796;538;TAMASSA;;0;0;0;f;2023-10-14 17:01:03;2023-10-14 17:01:03;7;
797;539;ZIGA;;0;0;0;f;2023-10-14 17:01:03;2023-10-14 17:01:03;7;
798;540;BETTA;;0;0;0;f;2023-10-14 17:01:03;2023-10-14 17:01:03;7;
799;541;BOULBA;;0;0;0;f;2023-10-14 17:01:03;2023-10-14 17:01:03;7;
800;541;KOULGAMDOGO MOSSI;;0;0;0;f;2023-10-14 17:01:03;2023-10-14 17:01:03;7;
801;542;ANDEM;;0;0;0;f;2023-10-14 17:01:03;2023-10-14 17:01:03;7;
802;542;LELEXE;;0;0;0;f;2023-10-14 17:01:03;2023-10-14 17:01:03;7;
803;542;SAMTENGA;;0;0;0;f;2023-10-14 17:01:03;2023-10-14 17:01:03;7;
804;542;TAMASGO;;0;0;0;f;2023-10-14 17:01:03;2023-10-14 17:01:03;7;
805;542;TAMPANGA;;0;0;0;f;2023-10-14 17:01:03;2023-10-14 17:01:03;7;
806;542;TIZILINZIOUGOU;;0;0;0;f;2023-10-14 17:01:03;2023-10-14 17:01:03;7;
807;542;TOANDA;;0;0;0;f;2023-10-14 17:01:03;2023-10-14 17:01:03;7;
808;543;BISSIGA MOSSI;;0;0;0;f;2023-10-14 17:01:03;2023-10-14 17:01:03;7;
809;543;BISSIGA PEULH;;0;0;0;f;2023-10-14 17:01:03;2023-10-14 17:01:03;7;
810;543;BISSIGA YARCE;;0;0;0;f;2023-10-14 17:01:03;2023-10-14 17:01:03;7;
811;543;BISSIGA YRANA;;0;0;0;f;2023-10-14 17:01:03;2023-10-14 17:01:03;7;
812;543;KOGMASGO;;0;0;0;f;2023-10-14 17:01:03;2023-10-14 17:01:03;7;
813;543;LEMNOGO;;0;0;0;f;2023-10-14 17:01:03;2023-10-14 17:01:03;7;
814;543;NIONIOPALGO;;0;0;0;f;2023-10-14 17:01:03;2023-10-14 17:01:03;7;
815;544;BANGUISSOM;;0;0;0;f;2023-10-14 17:01:03;2023-10-14 17:01:03;7;
816;544;BARKOUNDOUBA;;0;0;0;f;2023-10-14 17:01:03;2023-10-14 17:01:03;7;
817;544;KOMNOGO;;0;0;0;f;2023-10-14 17:01:03;2023-10-14 17:01:03;7;
818;544;NIONIOKODOGO;;0;0;0;f;2023-10-14 17:01:03;2023-10-14 17:01:03;7;
819;544;NIONIOKODOGO PEULH;;0;0;0;f;2023-10-14 17:01:03;2023-10-14 17:01:03;7;
820;544;ZACKIN;;0;0;0;f;2023-10-14 17:01:03;2023-10-14 17:01:03;7;
821;544;ZEGUEDEGHIN;;0;0;0;f;2023-10-14 17:01:03;2023-10-14 17:01:03;7;
822;545;PENDEMTENGA;;0;0;0;f;2023-10-14 17:01:03;2023-10-14 17:01:03;7;
823;545;SAMBSIN;;0;0;0;f;2023-10-14 17:01:03;2023-10-14 17:01:03;7;
824;545;TAMPOUY SILMIMOSSE;;0;0;0;f;2023-10-14 17:01:03;2023-10-14 17:01:03;7;
825;545;TAMPOUY YARCE;;0;0;0;f;2023-10-14 17:01:03;2023-10-14 17:01:03;7;
826;546;BAGTENGA;;0;0;0;f;2023-10-14 17:01:03;2023-10-14 17:01:03;7;
827;546;KISRGUEM;;0;0;0;f;2023-10-14 17:01:03;2023-10-14 17:01:03;7;
828;546;SADABA I;;0;0;0;f;2023-10-14 17:01:03;2023-10-14 17:01:03;7;
829;546;SADABA II;;0;0;0;f;2023-10-14 17:01:03;2023-10-14 17:01:03;7;
830;547;NAGTAOLI;;0;0;0;f;2023-10-14 17:01:03;2023-10-14 17:01:03;7;
831;547;TANGHIN KOSSODO PEULH;;0;0;0;f;2023-10-14 17:01:03;2023-10-14 17:01:03;7;
832;547;TANGHIN-ZITENGA;;0;0;0;f;2023-10-14 17:01:03;2023-10-14 17:01:03;7;
833;547;YAMANA;;0;0;0;f;2023-10-14 17:01:03;2023-10-14 17:01:03;7;
834;548;BENDOGO-ZITENGA;;0;0;0;f;2023-10-14 17:01:03;2023-10-14 17:01:03;7;
835;548;DIAMENA;;0;0;0;f;2023-10-14 17:01:03;2023-10-14 17:01:03;7;
836;548;DOURE-ZITENGA;;0;0;0;f;2023-10-14 17:01:03;2023-10-14 17:01:03;7;
837;548;ITAORE;;0;0;0;f;2023-10-14 17:01:03;2023-10-14 17:01:03;7;
838;548;KOLOKOM-ZITENGA;;0;0;0;f;2023-10-14 17:01:03;2023-10-14 17:01:03;7;
839;548;KOLONGUIESSE;;0;0;0;f;2023-10-14 17:01:03;2023-10-14 17:01:03;7;
840;548;LALLE;;0;0;0;f;2023-10-14 17:01:03;2023-10-14 17:01:03;7;
841;548;NAMBEGUIAN;;0;0;0;f;2023-10-14 17:01:03;2023-10-14 17:01:03;7;
842;548;NONGHIN;;0;0;0;f;2023-10-14 17:01:03;2023-10-14 17:01:03;7;
843;548;OUATINOMA;;0;0;0;f;2023-10-14 17:01:03;2023-10-14 17:01:03;7;
844;548;POEDEGO-ZITENGA;;0;0;0;f;2023-10-14 17:01:03;2023-10-14 17:01:03;7;
845;548;RAZOUTENGA;;0;0;0;f;2023-10-14 17:01:03;2023-10-14 17:01:03;7;
846;548;SOUKA-ZITENGA;;0;0;0;f;2023-10-14 17:01:03;2023-10-14 17:01:03;7;
847;548;TAMPELGA;;0;0;0;f;2023-10-14 17:01:03;2023-10-14 17:01:03;7;
848;548;TANKOUNGA;;0;0;0;f;2023-10-14 17:01:03;2023-10-14 17:01:03;7;
849;548;YANGA;;0;0;0;f;2023-10-14 17:01:03;2023-10-14 17:01:03;7;
850;548;YARGO;;0;0;0;f;2023-10-14 17:01:03;2023-10-14 17:01:03;7;
851;548;ZITENGA;;0;0;0;f;2023-10-14 17:01:03;2023-10-14 17:01:03;7;
852;549;BOALLA;;0;0;0;f;2023-10-14 17:01:03;2023-10-14 17:01:03;7;
853;549;DAYAGRETENGA;;0;0;0;f;2023-10-14 17:01:03;2023-10-14 17:01:03;7;
854;549;TABLA;;0;0;0;f;2023-10-14 17:01:03;2023-10-14 17:01:03;7;
855;549;TIBA;;0;0;0;f;2023-10-14 17:01:03;2023-10-14 17:01:03;7;
